account_id,account_type,email,password,password_reset,remember_token,plan_type,login_flg,created_at,updated_at,deleted_at
101,1,student1001@test.jp,test9999,0,,0,0,,,
102,1,student1002@test.jp,test9999,0,,0,0,,,
103,1,student1003@test.jp,test9999,0,,0,0,,,
104,1,student1004@test.jp,test9999,0,,0,0,,,
105,1,student1005@test.jp,test9999,0,,0,0,,,
106,1,student1006@test.jp,test9999,0,,0,0,,,
107,1,student1007@test.jp,test9999,0,,0,0,,,
108,1,student1008@test.jp,test9999,0,,0,0,,,
109,1,student1009@test.jp,test9999,0,,0,0,,,
110,1,student1010@test.jp,test9999,0,,0,0,,,
111,1,student1011@test.jp,test9999,0,,0,0,,,
112,1,student1012@test.jp,test9999,0,,0,0,,,
113,1,student1013@test.jp,test9999,0,,0,0,,,
114,1,student1014@test.jp,test9999,0,,0,0,,,
115,1,student1015@test.jp,test9999,0,,0,0,,,
116,1,student1016@test.jp,test9999,0,,0,0,,,
117,1,student1017@test.jp,test9999,0,,0,0,,,
118,1,student1018@test.jp,test9999,0,,0,0,,,
119,1,student1019@test.jp,test9999,0,,0,0,,,
201,1,student2001@test.jp,test9999,0,,0,0,,,
202,1,student2002@test.jp,test9999,0,,0,0,,,
203,1,student2003@test.jp,test9999,0,,0,0,,,
204,1,student2004@test.jp,test9999,0,,0,0,,,
205,1,student2005@test.jp,test9999,0,,0,0,,,
206,1,student2006@test.jp,test9999,0,,0,0,,,
207,1,student2007@test.jp,test9999,0,,0,0,,,
208,1,student2008@test.jp,test9999,0,,0,0,,,
209,1,student2009@test.jp,test9999,0,,0,0,,,
210,1,student2010@test.jp,test9999,0,,0,0,,,
211,1,student2011@test.jp,test9999,0,,0,0,,,
212,1,student2012@test.jp,test9999,0,,0,0,,,
213,1,student2013@test.jp,test9999,0,,0,0,,,
214,1,student2014@test.jp,test9999,0,,0,0,,,
215,1,student2015@test.jp,test9999,0,,0,0,,,
216,1,student2016@test.jp,test9999,0,,0,0,,,
217,1,student2017@test.jp,test9999,0,,0,0,,,
218,1,student2018@test.jp,test9999,0,,0,0,,,
219,1,student2019@test.jp,test9999,0,,0,0,,,
301,1,student3001@test.jp,test9999,0,,0,0,,,
302,1,student3002@test.jp,test9999,0,,0,0,,,
303,1,student3003@test.jp,test9999,0,,0,0,,,
304,1,student3004@test.jp,test9999,0,,0,0,,,
305,1,student3005@test.jp,test9999,0,,0,0,,,
306,1,student3006@test.jp,test9999,0,,0,0,,,
307,1,student3007@test.jp,test9999,0,,0,0,,,
308,1,student3008@test.jp,test9999,0,,0,0,,,
309,1,student3009@test.jp,test9999,0,,0,0,,,
310,1,student3010@test.jp,test9999,0,,0,0,,,
311,1,student3011@test.jp,test9999,0,,0,0,,,
312,1,student3012@test.jp,test9999,0,,0,0,,,
313,1,student3013@test.jp,test9999,0,,0,0,,,
314,1,student3014@test.jp,test9999,0,,0,0,,,
315,1,student3015@test.jp,test9999,0,,0,0,,,
316,1,student3016@test.jp,test9999,0,,0,0,,,
317,1,student3017@test.jp,test9999,0,,0,0,,,
318,1,student3018@test.jp,test9999,0,,0,0,,,
319,1,student3019@test.jp,test9999,0,,0,0,,,
401,1,student4001@test.jp,test9999,0,,0,0,,,
402,1,student4002@test.jp,test9999,0,,0,0,,,
403,1,student4003@test.jp,test9999,0,,0,0,,,
404,1,student4004@test.jp,test9999,0,,0,0,,,
405,1,student4005@test.jp,test9999,0,,0,0,,,
406,1,student4006@test.jp,test9999,0,,0,0,,,
407,1,student4007@test.jp,test9999,0,,0,0,,,
408,1,student4008@test.jp,test9999,0,,0,0,,,
409,1,student4009@test.jp,test9999,0,,0,0,,,
410,1,student4010@test.jp,test9999,0,,0,0,,,
411,1,student4011@test.jp,test9999,0,,0,0,,,
412,1,student4012@test.jp,test9999,0,,0,0,,,
413,1,student4013@test.jp,test9999,0,,0,0,,,
414,1,student4014@test.jp,test9999,0,,0,0,,,
415,1,student4015@test.jp,test9999,0,,0,0,,,
416,1,student4016@test.jp,test9999,0,,0,0,,,
417,1,student4017@test.jp,test9999,0,,0,0,,,
418,1,student4018@test.jp,test9999,0,,0,0,,,
419,1,student4019@test.jp,test9999,0,,0,0,,,
511,2,teacher1001@test.jp,test9999,0,,0,0,,,
512,2,teacher1002@test.jp,test9999,0,,0,0,,,
513,2,teacher1003@test.jp,test9999,0,,0,0,,,
514,2,teacher1004@test.jp,test9999,0,,0,0,,,
515,2,teacher1005@test.jp,test9999,0,,0,0,,,
516,2,teacher1006@test.jp,test9999,0,,0,0,,,
521,2,teacher2001@test.jp,test9999,0,,0,0,,,
522,2,teacher2002@test.jp,test9999,0,,0,0,,,
523,2,teacher2003@test.jp,test9999,0,,0,0,,,
524,2,teacher2004@test.jp,test9999,0,,0,0,,,
525,2,teacher2005@test.jp,test9999,0,,0,0,,,
526,2,teacher2006@test.jp,test9999,0,,0,0,,,
531,2,teacher3001@test.jp,test9999,0,,0,0,,,
532,2,teacher3002@test.jp,test9999,0,,0,0,,,
533,2,teacher3003@test.jp,test9999,0,,0,0,,,
534,2,teacher3004@test.jp,test9999,0,,0,0,,,
535,2,teacher3005@test.jp,test9999,0,,0,0,,,
536,2,teacher3006@test.jp,test9999,0,,0,0,,,
541,2,teacher4001@test.jp,test9999,0,,0,0,,,
542,2,teacher4002@test.jp,test9999,0,,0,0,,,
543,2,teacher4003@test.jp,test9999,0,,0,0,,,
544,2,teacher4004@test.jp,test9999,0,,0,0,,,
545,2,teacher4005@test.jp,test9999,0,,0,0,,,
546,2,teacher4006@test.jp,test9999,0,,0,0,,,
601,3,admin0001@test.jp,test9999,0,,0,0,,,
602,3,admin0002@test.jp,test9999,0,,0,0,,,
604,3,admin0004@test.jp,test9999,0,,0,0,,,
605,3,admin0005@test.jp,test9999,0,,0,0,,,
606,3,admin0006@test.jp,test9999,0,,0,0,,,
607,3,admin0007@test.jp,test9999,0,,0,0,,,
610,3,admin0010@test.jp,test9999,0,,0,0,,,
613,3,admin0013@test.jp,test9999,0,,0,0,,,
681,3,admin0081@test.jp,test9999,0,,0,0,,,
682,3,admin0082@test.jp,test9999,0,,0,0,,,
683,3,admin0083@test.jp,test9999,0,,0,0,,,
684,3,admin0084@test.jp,test9999,0,,0,0,,,
691,3,admin0091@test.jp,test9999,0,,0,0,,,
692,3,admin0092@test.jp,test9999,0,,0,0,,,
693,3,admin0093@test.jp,test9999,0,,0,0,,,
694,3,admin0094@test.jp,test9999,0,,0,0,,,
701,3,admin1000@test.jp,test9999,0,,0,0,,,
702,3,admin2000@test.jp,test9999,0,,0,0,,,
703,3,admin3000@test.jp,test9999,0,,0,0,,,
704,3,admin4000@test.jp,test9999,0,,0,0,,,
